item_id,item_text,scale,cutoff,response_min,response_max
PHQ1,Little interest or pleasure in doing things,PHQ-9,10,0,3
PHQ2,Feeling down depressed or hopeless,PHQ-9,10,0,3
PHQ3,Trouble falling or staying asleep or sleeping too much,PHQ-9,10,0,3
PHQ4,Feeling tired or having little energy,PHQ-9,10,0,3
PHQ5,Poor appetite or overeating,PHQ-9,10,0,3
PHQ6,Feeling bad about yourself or that you are a failure or have let yourself or your family down,PHQ-9,10,0,3
PHQ7,Trouble concentrating on things such as reading the newspaper or watching television,PHQ-9,10,0,3
PHQ8,Moving or speaking so slowly that other people could have noticed or the opposite being so fidgety or restless that you have been moving around a lot more than usual,PHQ-9,10,0,3
PHQ9,Thoughts that you would be better off dead or of hurting yourself in some way,PHQ-9,10,0,3
